{
  "train": [
    {
      "epoch": 1,
      "total_loss": 21650.129689090067,
      "depth": 0.0,
      "lux_map": 6249.082490593293,
      "avg_lux": 19.987836511054386,
      "p5_lux": 75.73096130114313,
      "p95_lux": 124.74826010442797,
      "point_lux": 22.676857543829513,
      "floor_mask": 0.0,
      "albedo": 0.0,
      "gloss": 0.0,
      "uncertainty": 153624.4209808319,
      "power": 0.0,
      "carbon": 0.0,
      "lux_mae": 28.37142855022605,
      "lux_rmse": 37.10385222747607,
      "avg_lux_error": 20.480704576267996,
      "p5_error": 76.23064433864084,
      "p95_error": 125.2481154490239,
      "pointwise_lux_error": 23.16159382039494
    },
    {
      "epoch": 2,
      "total_loss": 10176.180417695314,
      "depth": 0.0,
      "lux_map": 95.72566593157234,
      "avg_lux": 10.55146436653318,
      "p5_lux": 86.9156376043113,
      "p95_lux": 109.5669796824404,
      "point_lux": 4.948639012446622,
      "floor_mask": 0.0,
      "albedo": 0.0,
      "gloss": 0.0,
      "uncertainty": 100478.82149651734,
      "power": 0.0,
      "carbon": 0.0,
      "lux_mae": 6.520795884710928,
      "lux_rmse": 12.41327834715618,
      "avg_lux_error": 11.040620547916966,
      "p5_error": 87.41508929790822,
      "p95_error": 110.06640298584098,
      "pointwise_lux_error": 5.419468430826614
    },
    {
      "epoch": 3,
      "total_loss": 8970.112452922815,
      "depth": 0.0,
      "lux_map": 61.54144086704802,
      "avg_lux": 7.120891656123772,
      "p5_lux": 83.63109346422648,
      "p95_lux": 112.83220631460495,
      "point_lux": 3.5552251522912623,
      "floor_mask": 0.0,
      "albedo": 0.0,
      "gloss": 0.0,
      "uncertainty": 88769.66133728305,
      "power": 0.0,
      "carbon": 0.0,
      "lux_mae": 4.931202445667498,
      "lux_rmse": 10.086414348690363,
      "avg_lux_error": 7.605573105503562,
      "p5_error": 84.13037640523736,
      "p95_error": 113.3315134766575,
      "pointwise_lux_error": 4.016200305641092
    },
    {
      "epoch": 4,
      "total_loss": 7864.672784112868,
      "depth": 0.0,
      "lux_map": 44.97336488543521,
      "avg_lux": 5.195811927604244,
      "p5_lux": 86.28668726134345,
      "p95_lux": 110.15576619828254,
      "point_lux": 2.602878179591666,
      "floor_mask": 0.0,
      "albedo": 0.0,
      "gloss": 0.0,
      "uncertainty": 77886.7318012358,
      "power": 0.0,
      "carbon": 0.0,
      "lux_mae": 3.870573301947812,
      "lux_rmse": 8.702320467769454,
      "avg_lux_error": 5.6747798460212815,
      "p5_error": 86.78598404358709,
      "p95_error": 110.65507334448834,
      "pointwise_lux_error": 3.0501616123964297
    },
    {
      "epoch": 5,
      "total_loss": 6966.614103795123,
      "depth": 0.0,
      "lux_map": 35.413774453471746,
      "avg_lux": 4.45981670040816,
      "p5_lux": 86.92459675425907,
      "p95_lux": 109.50084942468558,
      "point_lux": 2.0194918862688747,
      "floor_mask": 0.0,
      "albedo": 0.0,
      "gloss": 0.0,
      "uncertainty": 69004.40534743859,
      "power": 0.0,
      "carbon": 0.0,
      "lux_mae": 3.2126121794500673,
      "lux_rmse": 8.003347748928674,
      "avg_lux_error": 4.935622220758164,
      "p5_error": 87.4237896783961,
      "p95_error": 110.0000540695041,
      "pointwise_lux_error": 2.4510614406007787
    }
  ],
  "val": [
    {
      "epoch": 1,
      "total_loss": 10559.386872060613,
      "depth": 0.0,
      "lux_map": 108.18618821259943,
      "avg_lux": 5.692859961283433,
      "p5_lux": 78.39545659312226,
      "p95_lux": 116.56846634097641,
      "point_lux": 5.469056583821454,
      "floor_mask": 0.0,
      "albedo": 0.0,
      "gloss": 0.0,
      "uncertainty": 104197.23516579927,
      "power": 0.0,
      "carbon": 0.0,
      "lux_mae": 6.891685509244571,
      "lux_rmse": 9.471962971756529,
      "avg_lux_error": 6.166375760726113,
      "p5_error": 78.89545153624415,
      "p95_error": 117.0684466234503,
      "pointwise_lux_error": 5.938102963446114
    },
    {
      "epoch": 2,
      "total_loss": 10870.160535796349,
      "depth": 0.0,
      "lux_map": 108.66755445865022,
      "avg_lux": 5.616880179584208,
      "p5_lux": 76.70358119655694,
      "p95_lux": 118.24914098496288,
      "point_lux": 5.424309930927067,
      "floor_mask": 0.0,
      "albedo": 0.0,
      "gloss": 0.0,
      "uncertainty": 107300.41634835752,
      "power": 0.0,
      "carbon": 0.0,
      "lux_mae": 7.0080716530724825,
      "lux_rmse": 9.528276763406758,
      "avg_lux_error": 6.087172911584241,
      "p5_error": 77.20352720795377,
      "p95_error": 118.74912243020543,
      "pointwise_lux_error": 5.8926887097114635
    },
    {
      "epoch": 3,
      "total_loss": 11284.423647397525,
      "depth": 0.0,
      "lux_map": 164.64413225896675,
      "avg_lux": 8.445889503332218,
      "p5_lux": 83.99332516788981,
      "p95_lux": 111.03134653165743,
      "point_lux": 5.795202713576412,
      "floor_mask": 0.0,
      "albedo": 0.0,
      "gloss": 0.0,
      "uncertainty": 110876.77407013942,
      "power": 0.0,
      "carbon": 0.0,
      "lux_mae": 7.663134768548314,
      "lux_rmse": 11.082119714312192,
      "avg_lux_error": 8.93008054441127,
      "p5_error": 84.49323959073736,
      "p95_error": 111.53134656954212,
      "pointwise_lux_error": 6.257301960791041
    },
    {
      "epoch": 4,
      "total_loss": 11040.113417215252,
      "depth": 0.0,
      "lux_map": 115.76812392887585,
      "avg_lux": 6.553328268138181,
      "p5_lux": 79.45211848892083,
      "p95_lux": 115.5315952548733,
      "point_lux": 4.845185515390406,
      "floor_mask": 0.0,
      "albedo": 0.0,
      "gloss": 0.0,
      "uncertainty": 108928.1783162839,
      "power": 0.0,
      "carbon": 0.0,
      "lux_mae": 6.383494323678741,
      "lux_rmse": 9.029032488648813,
      "avg_lux_error": 7.03608684160948,
      "p5_error": 79.95201436283936,
      "p95_error": 116.03152687445773,
      "pointwise_lux_error": 5.290191464304833
    },
    {
      "epoch": 5,
      "total_loss": 14487.323694658971,
      "depth": 0.0,
      "lux_map": 163.13837994647628,
      "avg_lux": 6.649383752101305,
      "p5_lux": 73.38636023256959,
      "p95_lux": 121.69781630525523,
      "point_lux": 5.947263976560466,
      "floor_mask": 0.0,
      "albedo": 0.0,
      "gloss": 0.0,
      "uncertainty": 142924.03125447623,
      "power": 0.0,
      "carbon": 0.0,
      "lux_mae": 7.5992160234130735,
      "lux_rmse": 10.894511655325923,
      "avg_lux_error": 7.1190367386120705,
      "p5_error": 73.88630013724517,
      "p95_error": 122.19778075192701,
      "pointwise_lux_error": 6.4052485849950225
    }
  ],
  "test": []
}