{
  "train": [
    {
      "epoch": 1,
      "total_loss": 21940.91729089635,
      "depth": 0.0,
      "lux_map": 6298.481042493547,
      "avg_lux": 21.59408128568654,
      "p5_lux": 69.18746028672554,
      "p95_lux": 131.64860450042636,
      "point_lux": 23.21770156438477,
      "floor_mask": 0.0,
      "albedo": 0.0,
      "gloss": 0.0,
      "uncertainty": 156033.48221138926,
      "power": 0.0,
      "carbon": 0.0,
      "lux_mae": 29.15528990755289,
      "lux_rmse": 38.46023217086799,
      "avg_lux_error": 22.087840214548848,
      "p5_error": 69.68715995839028,
      "p95_error": 132.14851654964195,
      "pointwise_lux_error": 23.703191540930327
    },
    {
      "epoch": 2,
      "total_loss": 10372.308507485348,
      "depth": 0.0,
      "lux_map": 119.25806970686932,
      "avg_lux": 11.885502285577646,
      "p5_lux": 84.13901484092862,
      "p95_lux": 112.3775451974177,
      "point_lux": 5.192771039278102,
      "floor_mask": 0.0,
      "albedo": 0.0,
      "gloss": 0.0,
      "uncertainty": 102201.57103805567,
      "power": 0.0,
      "carbon": 0.0,
      "lux_mae": 7.166864594045742,
      "lux_rmse": 16.910857264590184,
      "avg_lux_error": 12.3759054381498,
      "p5_error": 84.63874881246942,
      "p95_error": 112.87730359919563,
      "pointwise_lux_error": 5.6642769651654765
    },
    {
      "epoch": 3,
      "total_loss": 8661.04790966291,
      "depth": 0.0,
      "lux_map": 79.75084064535372,
      "avg_lux": 9.500179752556285,
      "p5_lux": 85.52099862458661,
      "p95_lux": 110.96052400698004,
      "point_lux": 3.3905837045243308,
      "floor_mask": 0.0,
      "albedo": 0.0,
      "gloss": 0.0,
      "uncertainty": 85492.46538856957,
      "power": 0.0,
      "carbon": 0.0,
      "lux_mae": 5.129404913722823,
      "lux_rmse": 16.479936159892826,
      "avg_lux_error": 9.988054754763297,
      "p5_error": 86.02076704943926,
      "p95_error": 111.46031606836578,
      "pointwise_lux_error": 3.845561628173644
    }
  ],
  "val": [
    {
      "epoch": 1,
      "total_loss": 11611.811252439542,
      "depth": 0.0,
      "lux_map": 318.0108800724866,
      "avg_lux": 10.848136543573041,
      "p5_lux": 67.4927280034793,
      "p95_lux": 127.46898198546664,
      "point_lux": 8.53096327745705,
      "floor_mask": 0.0,
      "albedo": 0.0,
      "gloss": 0.0,
      "uncertainty": 112606.80082004392,
      "power": 0.0,
      "carbon": 0.0,
      "lux_mae": 9.554495986405906,
      "lux_rmse": 13.55558219404053,
      "avg_lux_error": 11.33330224523843,
      "p5_error": 67.99254254588105,
      "p95_error": 127.96894010539452,
      "pointwise_lux_error": 9.010514814385575
    },
    {
      "epoch": 2,
      "total_loss": 10909.940651447014,
      "depth": 0.0,
      "lux_map": 219.42538743314168,
      "avg_lux": 15.62214077108684,
      "p5_lux": 66.55686901360636,
      "p95_lux": 128.5148719382523,
      "point_lux": 6.668517151185808,
      "floor_mask": 0.0,
      "albedo": 0.0,
      "gloss": 0.0,
      "uncertainty": 106567.96162683824,
      "power": 0.0,
      "carbon": 0.0,
      "lux_mae": 8.22794429603836,
      "lux_rmse": 12.434014353613712,
      "avg_lux_error": 16.118736923150745,
      "p5_error": 67.05684390625396,
      "p95_error": 129.01487193242386,
      "pointwise_lux_error": 7.128719188239941
    },
    {
      "epoch": 3,
      "total_loss": 13009.523597711457,
      "depth": 0.0,
      "lux_map": 491.44632500560346,
      "avg_lux": 16.866496120311314,
      "p5_lux": 77.19815084167433,
      "p95_lux": 118.17283135975838,
      "point_lux": 8.565142156799574,
      "floor_mask": 0.0,
      "albedo": 0.0,
      "gloss": 0.0,
      "uncertainty": 124836.85063741406,
      "power": 0.0,
      "carbon": 0.0,
      "lux_mae": 11.077146644852743,
      "lux_rmse": 21.132665887782373,
      "avg_lux_error": 17.34947635892514,
      "p5_error": 77.69801534706623,
      "p95_error": 118.67278910521063,
      "pointwise_lux_error": 9.022367055002654
    }
  ],
  "test": []
}