sample_id,dataset_name,avg_lux,low_lux_p5,high_lux_p95,lux_discrepancy,estimated_power_w,interval_energy_kwh,interval_carbon_kg,between_fixture_1_2,between_fixture_2_3,under_fixture_1,under_fixture_2,under_fixture_3,target_between_fixture_1_2,target_between_fixture_2_3,target_under_fixture_1,target_under_fixture_2,target_under_fixture_3
72,nyu_depth_v2,78.12362670898438,64.45737152099609,94.50820922851562,30.050837707519534,17.75536970658736,0.0014796141422156132,0.0005918456568862453,75.46025085449219,67.20687103271484,88.06100463867188,96.12001037597656,63.769996643066406,79.87284851074219,70.35025787353516,93.50276947021484,101.52534484863281,67.92089080810547
74,nyu_depth_v2,77.86373367309571,61.49468078613281,97.2964584350586,35.801777648925786,17.696303107521754,0.0014746919256268126,0.0005898767702507251,74.81925201416016,64.08438110351562,98.97150421142578,90.59627532958984,60.84725570678711,78.18624114990234,65.34313201904297,103.54895782470703,93.60291290283203,64.34313201904297
