sample_id,dataset_name,avg_lux,low_lux_p5,high_lux_p95,lux_discrepancy,estimated_power_w,interval_energy_kwh,interval_carbon_kg,between_fixture_1_2,between_fixture_2_3,under_fixture_1,under_fixture_2,under_fixture_3,target_between_fixture_1_2,target_between_fixture_2_3,target_under_fixture_1,target_under_fixture_2,target_under_fixture_3
72,nyu_depth_v2,78.0598014831543,61.93100357055664,97.63874816894531,35.70774459838867,17.74086397344416,0.0014784053311203468,0.0005913621324481387,75.73575592041016,65.7229995727539,89.27050018310547,97.63874816894531,61.93100357055664,79.87284851074219,70.35025787353516,93.50276947021484,101.52534484863281,67.92089080810547
74,nyu_depth_v2,78.01558074951171,60.14775466918945,102.0215072631836,41.87375259399414,17.730813806707207,0.0014775678172256005,0.0005910271268902402,75.11199951171875,62.09037399291992,102.0215072631836,90.70626831054688,60.14775466918945,78.18624114990234,65.34313201904297,103.54895782470703,93.60291290283203,64.34313201904297
